"filename", "language", "Java", "comment", "blank", "total"
"c:\Users\zj\Desktop\编译实验\Compiler\bin\CategoryCode.class", "Java", -21, 0, 0, -21
"c:\Users\zj\Desktop\编译实验\Compiler\bin\Compiler.class", "Java", 1, 0, 0, 1
"c:\Users\zj\Desktop\编译实验\Compiler\bin\ErrorHandler.class", "Java", -9, 0, 0, -9
"c:\Users\zj\Desktop\编译实验\Compiler\bin\LexicalAnalyser.class", "Java", -52, 0, 0, -52
"c:\Users\zj\Desktop\编译实验\Compiler\bin\Reader.class", "Java", -22, 0, 0, -22
"c:\Users\zj\Desktop\编译实验\Compiler\bin\Symbol.class", "Java", -20, 0, 0, -20
"c:\Users\zj\Desktop\编译实验\Compiler\bin\error\ErrorHandler.class", "Java", 9, 0, 0, 9
"c:\Users\zj\Desktop\编译实验\Compiler\bin\error\ParsingFailedException.class", "Java", 5, 0, 0, 5
"c:\Users\zj\Desktop\编译实验\Compiler\bin\lexical\CategoryCode.class", "Java", 21, 0, 0, 21
"c:\Users\zj\Desktop\编译实验\Compiler\bin\lexical\LexicalAnalyser.class", "Java", 47, 0, 0, 47
"c:\Users\zj\Desktop\编译实验\Compiler\bin\lexical\LexicalManager.class", "Java", 24, 4, 0, 28
"c:\Users\zj\Desktop\编译实验\Compiler\bin\lexical\Reader.class", "Java", 20, 0, 0, 20
"c:\Users\zj\Desktop\编译实验\Compiler\bin\lexical\Symbol.class", "Java", 15, 0, 0, 15
"c:\Users\zj\Desktop\编译实验\Compiler\bin\syntaxAnalyser\TreeNode.class", "Java", 3, 0, 0, 3
"c:\Users\zj\Desktop\编译实验\Compiler\bin\syntaxAnalyser\nodes\AddExp.class", "Java", 15, 0, 0, 15
"c:\Users\zj\Desktop\编译实验\Compiler\bin\syntaxAnalyser\nodes\BType.class", "Java", 20, 0, 0, 20
"c:\Users\zj\Desktop\编译实验\Compiler\bin\syntaxAnalyser\nodes\Block.class", "Java", 16, 0, 0, 16
"c:\Users\zj\Desktop\编译实验\Compiler\bin\syntaxAnalyser\nodes\BlockItem.class", "Java", 15, 0, 0, 15
"c:\Users\zj\Desktop\编译实验\Compiler\bin\syntaxAnalyser\nodes\CompUnit.class", "Java", 25, 0, 0, 25
"c:\Users\zj\Desktop\编译实验\Compiler\bin\syntaxAnalyser\nodes\Cond.class", "Java", 15, 0, 0, 15
"c:\Users\zj\Desktop\编译实验\Compiler\bin\syntaxAnalyser\nodes\ConstDecl.class", "Java", 26, 0, 0, 26
"c:\Users\zj\Desktop\编译实验\Compiler\bin\syntaxAnalyser\nodes\ConstDef.class", "Java", 27, 0, 0, 27
"c:\Users\zj\Desktop\编译实验\Compiler\bin\syntaxAnalyser\nodes\ConstExp.class", "Java", 16, 0, 0, 16
"c:\Users\zj\Desktop\编译实验\Compiler\bin\syntaxAnalyser\nodes\ConstInitVal.class", "Java", 25, 0, 0, 25
"c:\Users\zj\Desktop\编译实验\Compiler\bin\syntaxAnalyser\nodes\Decl.class", "Java", 22, 0, 0, 22
"c:\Users\zj\Desktop\编译实验\Compiler\bin\syntaxAnalyser\nodes\EqExp.class", "Java", 16, 0, 0, 16
"c:\Users\zj\Desktop\编译实验\Compiler\bin\syntaxAnalyser\nodes\Exp.class", "Java", 15, 0, 0, 15
"c:\Users\zj\Desktop\编译实验\Compiler\bin\syntaxAnalyser\nodes\ForStmt.class", "Java", 15, 0, 0, 15
"c:\Users\zj\Desktop\编译实验\Compiler\bin\syntaxAnalyser\nodes\FuncDef.class", "Java", 23, 0, 0, 23
"c:\Users\zj\Desktop\编译实验\Compiler\bin\syntaxAnalyser\nodes\FuncFParam.class", "Java", 25, 0, 0, 25
"c:\Users\zj\Desktop\编译实验\Compiler\bin\syntaxAnalyser\nodes\FuncFParams.class", "Java", 24, 0, 0, 24
"c:\Users\zj\Desktop\编译实验\Compiler\bin\syntaxAnalyser\nodes\FuncRParams.class", "Java", 15, 0, 0, 15
"c:\Users\zj\Desktop\编译实验\Compiler\bin\syntaxAnalyser\nodes\FuncType.class", "Java", 20, 0, 0, 20
"c:\Users\zj\Desktop\编译实验\Compiler\bin\syntaxAnalyser\nodes\InitVal.class", "Java", 25, 0, 0, 25
"c:\Users\zj\Desktop\编译实验\Compiler\bin\syntaxAnalyser\nodes\LAndExp.class", "Java", 15, 0, 0, 15
"c:\Users\zj\Desktop\编译实验\Compiler\bin\syntaxAnalyser\nodes\LOrExp.class", "Java", 15, 0, 0, 15
"c:\Users\zj\Desktop\编译实验\Compiler\bin\syntaxAnalyser\nodes\LVal.class", "Java", 15, 0, 0, 15
"c:\Users\zj\Desktop\编译实验\Compiler\bin\syntaxAnalyser\nodes\MainFuncDef.class", "Java", 21, 0, 0, 21
"c:\Users\zj\Desktop\编译实验\Compiler\bin\syntaxAnalyser\nodes\MulExp.class", "Java", 15, 0, 0, 15
"c:\Users\zj\Desktop\编译实验\Compiler\bin\syntaxAnalyser\nodes\Number.class", "Java", 15, 0, 0, 15
"c:\Users\zj\Desktop\编译实验\Compiler\bin\syntaxAnalyser\nodes\PrimaryExp.class", "Java", 7, 0, 0, 7
"c:\Users\zj\Desktop\编译实验\Compiler\bin\syntaxAnalyser\nodes\RelExp.class", "Java", 15, 0, 0, 15
"c:\Users\zj\Desktop\编译实验\Compiler\bin\syntaxAnalyser\nodes\Stmt.class", "Java", 15, 0, 0, 15
"c:\Users\zj\Desktop\编译实验\Compiler\bin\syntaxAnalyser\nodes\UnaryExp.class", "Java", 16, 0, 0, 16
"c:\Users\zj\Desktop\编译实验\Compiler\bin\syntaxAnalyser\nodes\UnaryOp.class", "Java", 15, 0, 0, 15
"c:\Users\zj\Desktop\编译实验\Compiler\bin\syntaxAnalyser\nodes\VarDecl.class", "Java", 26, 0, 0, 26
"c:\Users\zj\Desktop\编译实验\Compiler\bin\syntaxAnalyser\nodes\VarDef.class", "Java", 25, 0, 0, 25
"c:\Users\zj\Desktop\编译实验\Compiler\src\CategoryCode.java", "Java", -40, 0, -1, -41
"c:\Users\zj\Desktop\编译实验\Compiler\src\Compiler.java", "Java", 3, 0, 1, 4
"c:\Users\zj\Desktop\编译实验\Compiler\src\ErrorHandler.java", "Java", -5, 0, -1, -6
"c:\Users\zj\Desktop\编译实验\Compiler\src\LexicalAnalyser.java", "Java", -202, -6, -8, -216
"c:\Users\zj\Desktop\编译实验\Compiler\src\Reader.java", "Java", -39, 0, -6, -45
"c:\Users\zj\Desktop\编译实验\Compiler\src\Symbol.java", "Java", -6, 0, -1, -7
"c:\Users\zj\Desktop\编译实验\Compiler\src\error\ErrorHandler.java", "Java", 6, 0, 2, 8
"c:\Users\zj\Desktop\编译实验\Compiler\src\error\ParsingFailedException.java", "Java", 3, 0, 3, 6
"c:\Users\zj\Desktop\编译实验\Compiler\src\lexical\CategoryCode.java", "Java", 42, 0, 2, 44
"c:\Users\zj\Desktop\编译实验\Compiler\src\lexical\LexicalAnalyser.java", "Java", 205, 6, 11, 222
"c:\Users\zj\Desktop\编译实验\Compiler\src\lexical\LexicalManager.java", "Java", 55, 13, 12, 80
"c:\Users\zj\Desktop\编译实验\Compiler\src\lexical\Reader.java", "Java", 40, 0, 7, 47
"c:\Users\zj\Desktop\编译实验\Compiler\src\lexical\Symbol.java", "Java", 8, 0, 3, 11
"c:\Users\zj\Desktop\编译实验\Compiler\src\syntaxAnalyser\TreeNode.java", "Java", 3, 0, 3, 6
"c:\Users\zj\Desktop\编译实验\Compiler\src\syntaxAnalyser\nodes\AddExp.java", "Java", 18, 0, 6, 24
"c:\Users\zj\Desktop\编译实验\Compiler\src\syntaxAnalyser\nodes\BType.java", "Java", 21, 0, 6, 27
"c:\Users\zj\Desktop\编译实验\Compiler\src\syntaxAnalyser\nodes\Block.java", "Java", 29, 1, 8, 38
"c:\Users\zj\Desktop\编译实验\Compiler\src\syntaxAnalyser\nodes\BlockItem.java", "Java", 27, 1, 9, 37
"c:\Users\zj\Desktop\编译实验\Compiler\src\syntaxAnalyser\nodes\CompUnit.java", "Java", 39, 0, 7, 46
"c:\Users\zj\Desktop\编译实验\Compiler\src\syntaxAnalyser\nodes\Cond.java", "Java", 17, 1, 6, 24
"c:\Users\zj\Desktop\编译实验\Compiler\src\syntaxAnalyser\nodes\ConstDecl.java", "Java", 34, 1, 7, 42
"c:\Users\zj\Desktop\编译实验\Compiler\src\syntaxAnalyser\nodes\ConstDef.java", "Java", 33, 1, 8, 42
"c:\Users\zj\Desktop\编译实验\Compiler\src\syntaxAnalyser\nodes\ConstExp.java", "Java", 18, 0, 6, 24
"c:\Users\zj\Desktop\编译实验\Compiler\src\syntaxAnalyser\nodes\ConstInitVal.java", "Java", 39, 2, 11, 52
"c:\Users\zj\Desktop\编译实验\Compiler\src\syntaxAnalyser\nodes\Decl.java", "Java", 30, 1, 8, 39
"c:\Users\zj\Desktop\编译实验\Compiler\src\syntaxAnalyser\nodes\EqExp.java", "Java", 18, 0, 6, 24
"c:\Users\zj\Desktop\编译实验\Compiler\src\syntaxAnalyser\nodes\Exp.java", "Java", 18, 1, 6, 25
"c:\Users\zj\Desktop\编译实验\Compiler\src\syntaxAnalyser\nodes\ForStmt.java", "Java", 27, 1, 7, 35
"c:\Users\zj\Desktop\编译实验\Compiler\src\syntaxAnalyser\nodes\FuncDef.java", "Java", 32, 1, 8, 41
"c:\Users\zj\Desktop\编译实验\Compiler\src\syntaxAnalyser\nodes\FuncFParam.java", "Java", 35, 1, 7, 43
"c:\Users\zj\Desktop\编译实验\Compiler\src\syntaxAnalyser\nodes\FuncFParams.java", "Java", 30, 1, 8, 39
"c:\Users\zj\Desktop\编译实验\Compiler\src\syntaxAnalyser\nodes\FuncRParams.java", "Java", 29, 1, 7, 37
"c:\Users\zj\Desktop\编译实验\Compiler\src\syntaxAnalyser\nodes\FuncType.java", "Java", 25, 1, 9, 35
"c:\Users\zj\Desktop\编译实验\Compiler\src\syntaxAnalyser\nodes\InitVal.java", "Java", 42, 2, 10, 54
"c:\Users\zj\Desktop\编译实验\Compiler\src\syntaxAnalyser\nodes\LAndExp.java", "Java", 18, 0, 6, 24
"c:\Users\zj\Desktop\编译实验\Compiler\src\syntaxAnalyser\nodes\LOrExp.java", "Java", 18, 0, 6, 24
"c:\Users\zj\Desktop\编译实验\Compiler\src\syntaxAnalyser\nodes\LVal.java", "Java", 30, 1, 8, 39
"c:\Users\zj\Desktop\编译实验\Compiler\src\syntaxAnalyser\nodes\MainFuncDef.java", "Java", 30, 1, 8, 39
"c:\Users\zj\Desktop\编译实验\Compiler\src\syntaxAnalyser\nodes\MulExp.java", "Java", 18, 1, 6, 25
"c:\Users\zj\Desktop\编译实验\Compiler\src\syntaxAnalyser\nodes\Number.java", "Java", 18, 0, 6, 24
"c:\Users\zj\Desktop\编译实验\Compiler\src\syntaxAnalyser\nodes\PrimaryExp.java", "Java", 38, 1, 7, 46
"c:\Users\zj\Desktop\编译实验\Compiler\src\syntaxAnalyser\nodes\RelExp.java", "Java", 18, 0, 6, 24
"c:\Users\zj\Desktop\编译实验\Compiler\src\syntaxAnalyser\nodes\Stmt.java", "Java", 110, 22, 10, 142
"c:\Users\zj\Desktop\编译实验\Compiler\src\syntaxAnalyser\nodes\UnaryExp.java", "Java", 41, 4, 7, 52
"c:\Users\zj\Desktop\编译实验\Compiler\src\syntaxAnalyser\nodes\UnaryOp.java", "Java", 24, 1, 6, 31
"c:\Users\zj\Desktop\编译实验\Compiler\src\syntaxAnalyser\nodes\VarDecl.java", "Java", 32, 1, 8, 41
"c:\Users\zj\Desktop\编译实验\Compiler\src\syntaxAnalyser\nodes\VarDef.java", "Java", 34, 1, 8, 43
"Total", "-", 1699, 67, 269, 2035